状態,曲名,アーティスト,ジャンル,備考,,コードURL
練習中,儚くも永久のカナシ, UVERworld,邦楽,恋愛 バラード,,
練習中,天ノ弱,164 feat. GUMI,邦楽,ボカロ 恋愛,,
練習中,恋愛裁判,40mP feat. 初音ミク,邦楽,ボカロ ポップ,,
対応可,GOMYWAY!!,765PRO ALLSTARS,邦楽,アニメ アニソン 明るい,,
対応可,READY!!,765PRO ALLSTARS,邦楽,アニメ アニソン オープニング,,
練習中,THEIDOLM@STER,765PRO ALLSTARS,邦楽,アニメ アニソン テーマ,,
対応可,CHANGE!!!!,765PRO ALLSTARS,邦楽,アニメ アニソン オープニング,,
練習中,M@STERPIECE,765PRO ALLSTARS,邦楽,アニメ アニソン 映画主題歌,,
練習中,Magic,AAA,邦楽,恋愛,,
練習中,EasyOnMe,Adele,洋楽,恋愛 バラード,,
練習中,Hello,Adele,洋楽,恋愛 バラード,,
練習中,RollingInTheDeep,Adele,洋楽,恋愛 元気,,
練習中,SetFireToTheRain,Adele,洋楽,恋愛 バラード,,
練習中,SomeoneLikeYou,Adele,洋楽,恋愛 バラード,,
伴奏のみ,うっせぇわ,Ado,邦楽,元気,,
伴奏のみ,阿修羅ちゃん,Ado,邦楽,元気,,
対応可,逆光(ウタver.),Ado,邦楽,アニメ アニソン 元気,,
対応可,私は最強,Ado,邦楽,アニメ アニソン 元気,,
伴奏のみ,唱,Ado,邦楽,元気,,
対応可,新時代,Ado,邦楽,アニメ アニソン 元気,,
練習中,Crazy,Aerosmith,洋楽,恋愛,,
練習中,DreamOn,Aerosmith,洋楽,希望,,
練習中,IDon’tWantToMissAThing,Aerosmith,洋楽,恋愛 バラード,,
練習中,Believe,AI,邦楽,前向き 希望,,
練習中,Story,AI,邦楽,恋愛 希望,,
練習中,KissHug,aiko,邦楽,恋愛 バラード,,
対応可,カブトムシ,aiko,邦楽,恋愛 バラード,,
練習中,ストロー,aiko,邦楽,恋愛 恋愛,,
対応可,プラネタリウム,aiko,邦楽,恋愛 バラード,,
対応可,ボーイフレンド,aiko,邦楽,恋愛 元気,,
対応可,花火,aiko,邦楽,恋愛 夏,,
練習中,桜の時,aiko,邦楽,恋愛 春,,
練習中,Ibegyou,Aimer,邦楽,恋愛,,
練習中,StandAlone,Aimer,邦楽,恋愛 バラード,,
練習中,カタオモイ,Aimer,邦楽,恋愛 バラード,,
練習中,花の唄,Aimer,邦楽,恋愛 バラード,,
練習中,逆光,Aimer,邦楽,アニメ アニソン 元気,,
練習中,残響散歌,Aimer,邦楽,アニメ アニソン 元気,,
練習中,星屑ビーナス,Aimer,邦楽,恋愛 バラード,,
練習中,朝が来る,Aimer,邦楽,恋愛 バラード,,
練習中,蝶々結び,Aimer,邦楽,恋愛 バラード,,
練習中,Beginner,AKB48,邦楽,元気,,
対応可,Everyday、カチューシャ,AKB48,邦楽,夏 恋愛,,
対応可,フライングゲット,AKB48,邦楽,恋愛 元気,,
対応可,ヘビーローテーション,AKB48,邦楽,恋愛 元気,,
対応可,ポニーテールとシュシュ,AKB48,邦楽,夏 恋愛,,
対応可,会いたかった,AKB48,邦楽,恋愛 元気,,
対応可,恋するフォーチュンクッキー,AKB48,邦楽,恋愛 元気,,
練習中,風,Akeboshi,邦楽,アニメ アニソン NARUTO ED バラード,,
練習中,明日へのbrilliantroad,angela,邦楽,アニメ アニソン 宇宙のステルヴィア OP 元気,,
練習中,Shangri-La,angela,邦楽,アニメ アニソン 蒼穹のファフナー OP 元気,,
練習中,届かない星だとしても,Aqours,邦楽,アニメ アニソン バラード,,
練習中,青空JumpingHeart,Aqours,邦楽,アニメ アニソン 明るい,,
練習中,恋になりたいAQUARIUM,Aqours,邦楽,アニメ アニソン 恋愛,,
練習中,勇気はどこに？君の胸に！,Aqours,邦楽,アニメ アニソン 明るい,,
練習中,Rewrite,ASIAN KUNG-FU GENERATION,邦楽,アニメ アニソン 鋼の錬金術師 OP 元気,,
対応可,リライト,ASIAN KUNG-FU GENERATION,邦楽,アニメ アニソン 鋼の錬金術師 OP 元気,,
練習中,遥か彼方,ASIAN KUNG-FU GENERATION,邦楽,アニメ アニソン NARUTO OP 元気,,
対応可,アイラブユー,back number,邦楽,恋愛,,
対応可,クリスマスソング,back number,邦楽,恋愛 冬,,
対応可,ハッピーエンド,back number,邦楽,恋愛 バラード,,
対応可,ヒロイン,back number,邦楽,恋愛 冬,,
練習中,ベルベットの詩,back number,邦楽,恋愛,,
対応可,花束,back number,邦楽,恋愛,,
練習中,怪盗,back number,邦楽,恋愛 元気,,
対応可,高嶺の花子さん,back number,邦楽,恋愛 元気,,
対応可,瞬き,back number,邦楽,恋愛 バラード,,
対応可,水平線,back number,邦楽,恋愛 希望,,
練習中,秘密,back number,邦楽,恋愛,,
練習中,三線の花,BEGIN,邦楽,沖縄 恋愛,,
対応可,島人ぬ宝,BEGIN,邦楽,沖縄 希望,,
対応可,涙そうそう,BEGIN,邦楽,沖縄 恋愛,,
対応可,恋しくて,BEGIN,邦楽,恋愛 バラード,,
対応可,StandByMe,Ben E. King,洋楽,恋愛 バラード,,
練習中,Precious,BENI,邦楽,恋愛 バラード,,
練習中,Ain’tNoSunshine,Bill Withers,洋楽,恋愛,,
練習中,LeanOnMe,Bill Withers,洋楽,友情,,
練習中,LovelyDay,Bill Withers,洋楽,希望,,
対応可,メリクリ,BoA,邦楽,邦楽 クリスマス,,
練習中,Blowin’InTheWind,Bob Dylan,洋楽,平和,,
練習中,Knockin’OnHeaven’sDoor,Bob Dylan,洋楽,希望,,
練習中,LikeARollingStone,Bob Dylan,洋楽,希望,,
練習中,Grenade,Bruno Mars,洋楽,恋愛,,
練習中,JustTheWayYouAre,Bruno Mars,洋楽,恋愛 バラード,,
練習中,MarryYou,Bruno Mars,洋楽,恋愛 ウエディング,,
練習中,Treasure,Bruno Mars,洋楽,元気,,
練習中,WhenIWasYourMan,Bruno Mars,洋楽,恋愛 バラード,,
練習中,HaveYouEverReallyLovedAWoman,Bryan Adams,洋楽,恋愛,,
練習中,Heaven,Bryan Adams,洋楽,恋愛 バラード,,
練習中,SummerOf‘69,Bryan Adams,洋楽,元気,,
対応可,ray,BUMP OF CHICKEN,邦楽,希望 恋愛,,
対応可,カルマ,BUMP OF CHICKEN,邦楽,元気,,
対応可,スノースマイル,BUMP OF CHICKEN,邦楽,恋愛 冬,,
練習中,花の名,BUMP OF CHICKEN,邦楽,恋愛 バラード,,
対応可,天体観測,BUMP OF CHICKEN,邦楽,青春 希望,,
対応可,いつかのメリークリスマス,B'z,邦楽,邦楽 クリスマス,,
対応可,裸足の女神,B'z,邦楽,ロック,,
対応可,LOVEPHANTOM,B'z,邦楽,ロック,,
対応可,ultrasoul,B'z,邦楽,ロック,,
練習中,LuckyChanceをもう一度,C-C-B,邦楽,恋愛 元気,,
対応可,Romanticが止まらない,C-C-B,邦楽,恋愛 元気,,
練習中,ないものねだりのIWantYou,C-C-B,邦楽,恋愛 元気,,
練習中,BecauseYouLovedMe,Celine Dion,洋楽,恋愛 バラード,,
練習中,It’sAllComingBackToMeNow,Celine Dion,洋楽,恋愛,,
練習中,MyHeartWillGoOn,Celine Dion,洋楽,恋愛 バラード,,
練習中,ThePowerOfLove,Celine Dion,洋楽,恋愛 バラード,,
練習中,border,ClariS,邦楽,アニメ アニソン 終物語ED,,
対応可,コネクト,ClariS,邦楽,アニメ アニソン,,
対応可,ヒトリゴト,ClariS,邦楽,アニメ アニソン,,
練習中,Clocks,Coldplay,洋楽,元気,,
練習中,FixYou,Coldplay,洋楽,恋愛 バラード,,
練習中,TheScientist,Coldplay,洋楽,恋愛 バラード,,
練習中,VivaLaVida,Coldplay,洋楽,希望,,
練習中,Yellow,Coldplay,洋楽,恋愛,,
対応可,初音ミクの消失,cosMo@暴走P,邦楽,ボカロ 早口,,
練習中,GirlsJustWantToHaveFun,Cyndi Lauper,洋楽,元気,,
練習中,TimeAfterTime,Cyndi Lauper,洋楽,恋愛 バラード,,
練習中,TrueColors,Cyndi Lauper,洋楽,希望,,
練習中,打上花火,DAOKO×米津玄師,邦楽,夏 恋愛,,
練習中,JustBeFriends,Dixie Flatline feat. 巡音ルカ,邦楽,ボカロ 恋愛,,
練習中,カゲロウ,DOES,邦楽,銀魂 OP 元気,,
練習中,ロミオとシンデレラ,doriko feat. 初音ミク,邦楽,ボカロ 恋愛,,
対応可,LOVELOVELOVE,DREAMS COME TRUE,邦楽,バラード 恋愛,,
対応可,決戦は金曜日,DREAMS COME TRUE,邦楽,恋愛 元気,,
対応可,未来予想図II,DREAMS COME TRUE,邦楽,バラード 恋愛,,
対応可,あなたにサラダ,DREAMS COME TRUE,邦楽,バラード 元気,,
練習中,Desperado,Eagles,洋楽,バラード 恋愛,,
練習中,HotelCalifornia,Eagles,洋楽,バラード ロック,,
練習中,TakeItEasy,Eagles,洋楽,元気,,
練習中,Perfect,Ed Sheeran,洋楽,恋愛 バラード,,
練習中,Photograph,Ed Sheeran,洋楽,恋愛 バラード,,
練習中,ShapeOfYou,Ed Sheeran,洋楽,元気 恋愛,,
練習中,ThinkingOutLoud,Ed Sheeran,洋楽,恋愛 バラード,,
練習中,LaVieEnRose,Edith Piaf,洋楽,恋愛 バラード,,
練習中,RocketMan,Elton John,洋楽,希望,,
練習中,TinyDancer,Elton John,洋楽,恋愛,,
練習中,YourSong,Elton John,洋楽,恋愛 バラード,,
練習中,Can’tHelpFallingInLove,Elvis Presley,洋楽,恋愛 バラード,,https://ja.chordwiki.org/wiki/cant+help+falling+love
練習中,HoundDog,Elvis Presley,洋楽,元気,,
練習中,JailhouseRock,Elvis Presley,洋楽,元気,,
練習中,SuspiciousMinds,Elvis Presley,洋楽,恋愛,,
練習中,AllByMyself,Eric Carmen,洋楽,恋愛 バラード,,
練習中,HungryEyes,Eric Carmen,洋楽,恋愛,,
練習中,Layla,Eric Clapton,洋楽,ロック 恋愛,,
対応可,TearsInHeaven,Eric Clapton,洋楽,バラード,,
練習中,WonderfulTonight,Eric Clapton,洋楽,恋愛 バラード,,
練習中,DearMyFriend,Every Little Thing,邦楽,友情 元気,,
練習中,Forthemoment,Every Little Thing,邦楽,恋愛 元気,,
練習中,fragile,Every Little Thing,邦楽,バラード 恋愛,,
練習中,OverandOver,Every Little Thing,邦楽,恋愛 希望,,
対応可,TIMEGOESBY,Every Little Thing,邦楽,バラード 恋愛,,
練習中,出会った頃のように,Every Little Thing,邦楽,恋愛 希望,,
対応可,ChooChooTRAIN,EXILE,邦楽,元気 恋愛,,
練習中,LoversAgain,EXILE,邦楽,恋愛 バラード,,
練習中,Someday,EXILE,邦楽,恋愛 希望,,
練習中,TiAmo,EXILE,邦楽,恋愛 バラード,,
練習中,道,EXILE,邦楽,恋愛 希望,,
対応可,銀河鉄道999,EXILE feat. VERBAL,邦楽,元気 希望,,
練習中,JustAwake,Fear,邦楽, and Loathing in Las Vegas,,
練習中,暁の車,FictionJunction YUUKA,邦楽,機動戦士ガンダムSEED 挿入歌 バラード,,
対応可,GO!!!,FLOW,邦楽,NARUTO OP 元気,,
練習中,Sign,FLOW,邦楽,NARUTO -ナルト- 疾風伝 OP バラード,,
練習中,Overtherain〜ひかりの橋〜,flumpool,邦楽,恋愛 希望,,
練習中,花になれ,flumpool,邦楽,恋愛 希望,,
対応可,君に届け,flumpool,邦楽,恋愛 希望,,
練習中,証,flumpool,邦楽,恋愛 バラード,,
練習中,Paprika,Foorin,邦楽,元気 子供,,
練習中,FlyMeToTheMoon,Frank Sinatra,洋楽,恋愛 バラード,,
対応可,MyWay,Frank Sinatra,洋楽,希望,,
練習中,NewYork,Frank Sinatra,洋楽,希望,,
練習中,futuregazer,fripSide,邦楽,アニメ アニソン 元気,,
対応可,LEVEL5-judgelight-,fripSide,邦楽,アニメ アニソン 元気,,
対応可,onlymyrailgun,fripSide,邦楽,アニメ アニソン 元気,,
練習中,サヨナラじゃない,FUNKY MONKEY BABYS,邦楽,恋愛 希望,,
練習中,ちっぽけな勇気,FUNKY MONKEY BABYS,邦楽,恋愛 希望,,
対応可,キセキ,GReeeeN,邦楽,恋愛 希望,,
練習中,愛唄,GReeeeN,邦楽,恋愛 バラード,,
練習中,遥か,GReeeeN,邦楽,卒業 希望,,
練習中,恋文〜ラブレター〜,GReeeeN,邦楽,恋愛 バラード,,
練習中,NovemberRain,Guns N’ Roses,洋楽,恋愛 バラード,,
練習中,Patience,Guns N’ Roses,洋楽,恋愛,,
練習中,SweetChildO’Mine,Guns N’ Roses,洋楽,恋愛,,
対応可,想い出がいっぱい,H2O,邦楽,バラード 恋愛,,
練習中,future,HIRO-X,邦楽,アニメ アニソン オープニング,,
練習中,DrivingMyself,HIRO-X,邦楽,アニメ アニソン オープニング,,
対応可,ファンサ,HoneyWorks,邦楽,恋愛 元気,,
対応可,可愛くてごめん,HoneyWorks,邦楽,恋愛 元気,,
練習中,AMBITIOUS,HOUND DOG,邦楽,元気,,
対応可,ff（フォルティシモ）,HOUND DOG,邦楽,元気 恋愛,,
練習中,ラストシーン,HOUND DOG,邦楽,バラード 恋愛,,
練習中,Believer,Imagine Dragons,洋楽,元気,,
練習中,Demons,Imagine Dragons,洋楽,恋愛,,
練習中,Radioactive,Imagine Dragons,洋楽,元気,,
練習中,WhateverItTakes,Imagine Dragons,洋楽,元気,,
練習中,炉心融解,iroha(sasaki) feat. 鏡音リン,邦楽,ボカロ バラード,,
練習中,BonfireHeart,James Blunt,洋楽,恋愛,,
練習中,GoodbyeMyLover,James Blunt,洋楽,恋愛,,
練習中,You’reBeautiful,James Blunt,洋楽,恋愛 バラード,,
練習中,AllOfMe,John Legend,洋楽,恋愛 バラード,,
練習中,OrdinaryPeople,John Legend,洋楽,恋愛,,
練習中,Imagine,John Lennon,洋楽,平和 バラード,,
対応可,OverDrive,JUDY AND MARY,邦楽,恋愛 元気,,
対応可,そばかす,JUDY AND MARY,邦楽,恋愛 元気,,
対応可,くじら12号,JUDY AND MARY,邦楽,恋愛 元気,,
練習中,散歩道,JUDY AND MARY,邦楽,恋愛 春,,
対応可,やさしさで溢れるように,JUJU,邦楽,バラード 恋愛,,
対応可,愛は勝つ,KAN,邦楽,前向き 希望,,
練習中,シルエット,KANA-BOON,邦楽,アニメ アニソン NARUTO -ナルト- 疾風伝 OP 元気,,
練習中,RealFace,KAT-TUN,邦楽,元気,,
練習中,YouGotGame?,Kimeru,邦楽,アニメ アニソン エンディング,,
練習中,koi-wazurai,King & Prince,邦楽,恋愛,,
練習中,Memorial,King & Prince,邦楽,恋愛,,
練習中,シンデレラガール,King & Prince,邦楽,恋愛 元気,,
練習中,一途,King Gnu,邦楽,アニメ アニソン 元気,,
練習中,逆夢,King Gnu,邦楽,アニメ アニソン 恋愛 バラード,,
練習中,千両役者,King Gnu,邦楽,恋愛 元気,,
対応可,白日,King Gnu,邦楽,恋愛 バラード,,
練習中,飛行艇,King Gnu,邦楽,恋愛 希望,,
練習中,シンデレラ・クリスマス,KinKi Kids,邦楽,邦楽 クリスマス,,
練習中,BestFriend,Kiroro,邦楽,友情 恋愛,,
練習中,花,Kiroro,邦楽,恋愛 希望,,
対応可,長い間,Kiroro,邦楽,恋愛 バラード,,
練習中,冬のうた,Kiroro,邦楽,恋愛 冬,,
対応可,未来へ,Kiroro,邦楽,恋愛 希望,,
練習中,NeedYouNow,Lady Antebellum,洋楽,恋愛 バラード,,
練習中,AlwaysRememberUsThisWay,Lady Gaga,洋楽,恋愛 バラード,,
練習中,BadRomance,Lady Gaga,洋楽,元気 恋愛,,
練習中,PokerFace,Lady Gaga,洋楽,元気,,
練習中,Shallow,Lady Gaga & Bradley Cooper,洋楽,恋愛 バラード,,
練習中,DAYBREAK'SBELL,L'Arc〜en〜Ciel,邦楽,元気,,
対応可,Driver'sHigh,L'Arc〜en〜Ciel,邦楽,元気,,
練習中,MyHeartDrawsaDream,L'Arc〜en〜Ciel,邦楽,希望,,
練習中,Pieces,L'Arc〜en〜Ciel,邦楽,恋愛 バラード,,
対応可,READYSTEADYGO,L'Arc〜en〜Ciel,邦楽,アニメ アニソン 元気,,
練習中,瞳の住人,L'Arc〜en〜Ciel,邦楽,恋愛 バラード,,
対応可,HONEY,L'Arc〜en〜Ciel,邦楽,アニメ アニソン るろうに剣心 ED 元気,,
練習中,DanceMeToTheEndOfLove,Leonard Cohen,洋楽,恋愛,,
練習中,Hallelujah,Leonard Cohen,洋楽,恋愛 バラード,,
練習中,Suzanne,Leonard Cohen,洋楽,恋愛,,
対応可,今すぐKissMe,LINDBERG,邦楽,恋愛 元気,,
対応可,紅蓮の弓矢,Linked Horizon,邦楽,アニメ アニソン 元気,,
練習中,Distance,LONG SHOT PARTY,邦楽,アニメ アニソン NARUTO -ナルト- 疾風伝 OP 元気,,
練習中,WhatAWonderfulWorld,Louis Armstrong,洋楽,平和 バラード,,
練習中,BELIEVE,LUNA SEA,邦楽,恋愛 元気,,
練習中,ROSIER,LUNA SEA,邦楽,ロック 元気,,
対応可,もっと強く抱きしめたなら,MANISH,邦楽,恋愛 元気,,
練習中,UptownFunk,Mark Ronson ft. Bruno Mars,洋楽,元気,,
練習中,EnterSandman,Metallica,洋楽,元気,,
練習中,NothingElseMatters,Metallica,洋楽,恋愛 バラード,,
練習中,TheUnforgiven,Metallica,洋楽,恋愛,,
練習中,BeatIt,Michael Jackson,洋楽,元気,,
練習中,BillieJean,Michael Jackson,洋楽,元気,,
練習中,BlackOrWhite,Michael Jackson,洋楽,元気,,
練習中,HealTheWorld,Michael Jackson,洋楽,平和,,
練習中,ManInTheMirror,Michael Jackson,洋楽,希望,,
練習中,SmoothCriminal,Michael Jackson,洋楽,元気,,
練習中,Thriller,Michael Jackson,洋楽,元気,,
練習中,don’tcryanymore,miwa,邦楽,恋愛 希望,,
対応可,ヒカリヘ,miwa,邦楽,恋愛 希望,,
練習中,ミラクル,miwa,邦楽,恋愛 元気,,
練習中,君に届け,miwa,邦楽,恋愛 希望,,
練習中,春になったら,miwa,邦楽,恋愛 春,,
練習中,片想い,miwa,邦楽,恋愛 バラード,,
対応可,あなたに,MONGOL800,邦楽,恋愛 希望,,
対応可,小さな恋のうた,MONGOL800,邦楽,恋愛 夏,,
練習中,Any,Mr.Children,邦楽,恋愛 希望,,
練習中,GIFT,Mr.Children,邦楽,希望,,
対応可,HANABI,Mr.Children,邦楽,バラード 恋愛,,
対応可,innocentworld,Mr.Children,邦楽,恋愛 希望,,
対応可,Sign,Mr.Children,邦楽,バラード 恋愛,,
対応可,Tomorrowneverknows,Mr.Children,邦楽,バラード 恋愛,,
対応可,くるみ,Mr.Children,邦楽,恋愛 希望,,
対応可,シーソーゲーム～勇敢な恋の歌～,Mr.Children,邦楽,恋愛 元気,,
練習中,しるし,Mr.Children,邦楽,バラード 恋愛,,
対応可,終わりなき旅,Mr.Children,邦楽,バラード 希望,,
対応可,抱きしめたい,Mr.Children,邦楽,バラード 恋愛,,
練習中,未来,Mr.Children,邦楽,恋愛 希望,,
練習中,優しい歌,Mr.Children,邦楽,恋愛 希望,,
練習中,StaRt,Mrs. GREEN APPLE,邦楽,元気,,
練習中,インフェルノ,Mrs. GREEN APPLE,邦楽,アニメ アニソン 元気,,
練習中,ケセラセラ,Mrs. GREEN APPLE,邦楽,恋愛 希望,,
練習中,ダンスホール,Mrs. GREEN APPLE,邦楽,恋愛 元気,,
対応可,青と夏,Mrs. GREEN APPLE,邦楽,夏 恋愛,,
練習中,ライラック,Mrs. GREEN APPLE,邦楽,アニメ アニソン 恋愛 希望,,
練習中,GLAMOROUSSKY,NANA starring MIKA NAKASHIMA,邦楽,元気,,
練習中,STARS,NANA starring MIKA NAKASHIMA,邦楽,恋愛 バラード,,
練習中,輝け!!ダグオン,Nap,邦楽,アニメ アニソン 勇者指令ダグオン OP 元気,,
練習中,夜明けと蛍,n-buna feat. 初音ミク,邦楽,ボカロ 切ない,,
練習中,再教育,Neru feat. 鏡音リン,邦楽,ボカロ ロック,,
練習中,Diver,NICO Touches the Walls,邦楽,アニメ アニソン NARUTO -ナルト- 疾風伝 OP 元気,,
練習中,ComeAsYouAre,Nirvana,洋楽,元気,,
練習中,Lithium,Nirvana,洋楽,元気,,
練習中,SmellsLikeTeenSpirit,Nirvana,洋楽,元気,,
練習中,ChampagneSupernova,Oasis,洋楽,恋愛,,
練習中,Don’tLookBackInAnger,Oasis,洋楽,希望,,
練習中,LiveForever,Oasis,洋楽,希望,,
練習中,Wonderwall,Oasis,洋楽,恋愛 バラード,,
対応可,115万キロのフィルム,Official髭男dism,邦楽,恋愛 バラード,,
練習中,Chessboard,Official髭男dism,邦楽,恋愛,,
練習中,CryBaby,Official髭男dism,邦楽,アニメ アニソン 元気,,
練習中,CryBaby(再ヒット),Official髭男dism,邦楽,アニメ アニソン 元気,,
練習中,ILOVE...,Official髭男dism,邦楽,恋愛 バラード,,
対応可,Pretender,Official髭男dism,邦楽,恋愛 バラード,,
練習中,StandByYou,Official髭男dism,邦楽,友情 恋愛,,
練習中,Subtitle,Official髭男dism,邦楽,恋愛 バラード,,
練習中,Universe,Official髭男dism,邦楽,恋愛 希望,,
練習中,ノーダウト,Official髭男dism,邦楽,元気,,
練習中,ミックスナッツ,Official髭男dism,邦楽,アニメ アニソン 元気,,
練習中,宿命,Official髭男dism,邦楽,希望 元気,,
練習中,TwinkleStar,ORANGE RANGE,邦楽,恋愛,,
練習中,さよなら,ORANGE RANGE,邦楽,恋愛 バラード,,
対応可,ロコローション,ORANGE RANGE,邦楽,夏 恋愛,,
対応可,以心電信,ORANGE RANGE,邦楽,恋愛 元気,,
対応可,花,ORANGE RANGE,邦楽,夏 恋愛,,
対応可,上海ハニー,ORANGE RANGE,邦楽,夏 元気,,
練習中,LetHerGo,Passenger,洋楽,恋愛 バラード,,
練習中,BabycruisingLove,Perfume,邦楽,恋愛,,
対応可,チョコレイト・ディスコ,Perfume,邦楽,元気,,
対応可,ポリリズム,Perfume,邦楽,元気 恋愛,,
練習中,マカロニ,Perfume,邦楽,恋愛,,
対応可,アジアの純真,PUFFY,邦楽,恋愛 元気,,
対応可,これが私の生きる道,PUFFY,邦楽,前向き 元気,,
対応可,愛のしるし,PUFFY,邦楽,恋愛 元気,,
練習中,BohemianRhapsody,Queen,洋楽,バラード ロック,,
練習中,Don’tStopMeNow,Queen,洋楽,元気,,
練習中,LoveOfMyLife,Queen,洋楽,バラード 恋愛,,
練習中,WeAreTheChampions,Queen,洋楽,元気 希望,,
練習中,WeWillRockYou,Queen,洋楽,元気 アンセム,,
練習中,EverybodyHurts,R.E.M.,洋楽,恋愛 バラード,,
練習中,LosingMyReligion,R.E.M.,洋楽,恋愛,,
練習中,ShinyHappyPeople,R.E.M.,洋楽,元気,,
練習中,おしゃかしゃま,RADWIMPS,邦楽,元気,,
対応可,スパークル,RADWIMPS,邦楽,恋愛 バラード,,
練習中,セプテンバーさん,RADWIMPS,邦楽,恋愛,,
対応可,なんでもないや,RADWIMPS,邦楽,アニメ アニソン バラード,,
練習中,ふたりごと,RADWIMPS,邦楽,恋愛,,
対応可,前前前世,RADWIMPS,邦楽,アニメ アニソン 元気,,
練習中,有心論,RADWIMPS,邦楽,恋愛 バラード,,
練習中,MONOCHROME,REBECCA,邦楽,恋愛,,
練習中,RASPBERRYDREAM,REBECCA,邦楽,恋愛 元気,,
練習中,フレンズ,REBECCA,邦楽,恋愛 元気,,
練習中,ハルモニア,RIP SLYME,邦楽,NARUTO ED 元気,,
練習中,KillingMeSoftly,Roberta Flack,洋楽,恋愛 バラード,,
練習中,TheFirstTimeEverISawYourFace,Roberta Flack,洋楽,恋愛,,
練習中,Resolution,ROMANTIC MODE,邦楽,機動新世紀ガンダムX OP 元気,,
対応可,メルト,ryo(supercell) feat. 初音ミク,邦楽,ボカロ 恋愛,,
練習中,ワールドイズマイン,ryo(supercell) feat. 初音ミク,邦楽,ボカロ 恋愛,,
練習中,はじめから今まで,Ryu,邦楽,冬のソナタ（アニメ アニソン版） 主題歌 バラード,,
練習中,I’mNotTheOnlyOne,Sam Smith,洋楽,恋愛 バラード,,
練習中,StayWithMe,Sam Smith,洋楽,恋愛 バラード,,
練習中,Unholy,Sam Smith,洋楽,元気,,
練習中,君は僕に似ている,See-Saw,邦楽,機動戦士ガンダムSEED DESTINY ED バラード,,
練習中,ANTI-HERO,SEKAI NO OWARI,邦楽,元気,,
練習中,Habit,SEKAI NO OWARI,邦楽,元気,,
対応可,RPG,SEKAI NO OWARI,邦楽,元気,,
練習中,イルミネーション,SEKAI NO OWARI,邦楽,冬 恋愛,,
練習中,炎と森のカーニバル,SEKAI NO OWARI,邦楽,元気,,
練習中,眠り姫,SEKAI NO OWARI,邦楽,恋愛 バラード,,
練習中,BridgeOverTroubledWater,Simon & Garfunkel,洋楽,バラード 希望,,
練習中,Mrs.Robinson,Simon & Garfunkel,洋楽,元気,,
練習中,ScarboroughFair,Simon & Garfunkel,洋楽,バラード,,
練習中,TheSoundOfSilence,Simon & Garfunkel,洋楽,バラード,,
練習中,オレンジ,SMAP,邦楽,恋愛 別れ,,
対応可,らいおんハート,SMAP,邦楽,バラード 恋愛,,
対応可,世界に一つだけの花,SMAP,邦楽,前向き 希望,,
対応可,夜空ノムコウ,SMAP,邦楽,バラード 恋愛,,
練習中,笑顔のゲンキ,SMAP,邦楽,HUNTER×HUNTER OP 元気,,
練習中,現状ディストラクション,SPYAIR,邦楽,銀魂 主題歌 元気,,
練習中,IJustCalledToSayILoveYou,Stevie Wonder,洋楽,恋愛,,
練習中,Isn’tSheLovely,Stevie Wonder,洋楽,恋愛,,
練習中,Overjoyed,Stevie Wonder,洋楽,恋愛,,
練習中,SirDuke,Stevie Wonder,洋楽,元気,,
練習中,Superstition,Stevie Wonder,洋楽,元気,,
練習中,EnglishmanInNewYork,Sting,洋楽,元気,,
練習中,FieldsOfGold,Sting,洋楽,恋愛 バラード,,
練習中,ShapeOfMyHeart,Sting,洋楽,恋愛 バラード,,
対応可,君の知らない物語,supercell,邦楽,アニメ アニソン ED・夏・恋愛,,
練習中,GETWILD’89,T.M.Network,邦楽,シティーハンター ED 元気,,
対応可,INVOKE,T.M.Revolution,邦楽,機動戦士ガンダムSEED OP 元気,,
練習中,RIVER,T.M.Revolution,邦楽,機動戦士ガンダムSEED DESTINY OP 元気,,
対応可,HOTLIMIT,T.M.Revolution,邦楽,ロック　夏,,
練習中,BackForGood,Take That,洋楽,恋愛 バラード,,
練習中,Patience,Take That,洋楽,恋愛 バラード,,
練習中,RuleTheWorld,Take That,洋楽,希望,,
練習中,ByeForNow,T-BOLAN,邦楽,別れ 恋愛,,
練習中,バラードを聴かせて,T-BOLAN,邦楽,バラード 恋愛,,
練習中,ロード,T-BOLAN,邦楽,バラード 恋愛,,
対応可,離したくはない,T-BOLAN,邦楽,バラード 恋愛,,
練習中,HeyJude,The Beatles,洋楽,バラード 希望,,
練習中,LetItBe,The Beatles,洋楽,バラード 希望,,
練習中,Yesterday,The Beatles,洋楽,バラード 恋愛,,
対応可,1000のバイオリン,THE BLUE HEARTS,邦楽,元気,,
対応可,TRAIN-TRAIN,THE BLUE HEARTS,邦楽,元気,,
対応可,リンダリンダ,THE BLUE HEARTS,邦楽,元気 青春,,
練習中,少年,THE BLUE HEARTS,邦楽,青春,,
対応可,情熱の薔薇,THE BLUE HEARTS,邦楽,元気 恋愛,,
対応可,人にやさしく,THE BLUE HEARTS,邦楽,友情 元気,,
対応可,青空,THE BLUE HEARTS,邦楽,元気 希望,,
練習中,夢,THE BLUE HEARTS,邦楽,希望,,
対応可,島唄,THE BOOM,邦楽,沖縄 平和,,
対応可,風になりたい,THE BOOM,邦楽,恋愛 希望,,
練習中,Drive,The Cars,洋楽,恋愛,,
練習中,Dreams,The Cranberries,洋楽,恋愛,,
練習中,Linger,The Cranberries,洋楽,恋愛,,
練習中,Zombie,The Cranberries,洋楽,元気,,
練習中,EveryBreathYouTake,The Police,洋楽,恋愛 バラード,,
練習中,MessageInABottle,The Police,洋楽,希望,,
練習中,Roxanne,The Police,洋楽,恋愛,,
対応可,TOUGHBOY,TOM★CAT,邦楽,北斗の拳２　OP　元気,,
練習中,Africa,Toto,洋楽,希望,,
練習中,HoldTheLine,Toto,洋楽,恋愛,,
練習中,Rosanna,Toto,洋楽,恋愛,,
練習中,AreYouSleeping?(FrèreJacques),Traditional,洋楽,洋楽 童謡,,
練習中,BaaBaaBlackSheep,Traditional,洋楽,洋楽 童謡,,
練習中,DecktheHalls,Traditional,洋楽,洋楽 童謡,,
練習中,HappyBirthdaytoYou,Traditional,洋楽,洋楽 童謡,,
練習中,HeadShoulders,Traditional,洋楽,洋楽 童謡,,
練習中,HickoryDickoryDock,Traditional,洋楽,洋楽 童謡,,
練習中,IfYou’reHappyandYouKnowIt,Traditional,洋楽,洋楽 童謡,,
練習中,ItsyBitsySpider,Traditional,洋楽,洋楽 童謡,,
練習中,JingleBells,Traditional,洋楽,洋楽 童謡,,
練習中,LondonBridgeIsFallingDown,Traditional,洋楽,洋楽 童謡,,
練習中,MaryHadaLittleLamb,Traditional,洋楽,洋楽 童謡,,
練習中,OChristmasTree,Traditional,洋楽,洋楽 童謡,,
練習中,OldMacDonaldHadaFarm,Traditional,洋楽,洋楽 童謡,,
練習中,RowRowRowYourBoat,Traditional,洋楽,洋楽 童謡,,
練習中,SilentNight,Traditional,洋楽,洋楽 童謡,,
練習中,TheAlphabetSong,Traditional,洋楽,洋楽 童謡,,
練習中,TheWheelsontheBus,Traditional,洋楽,洋楽 童謡,,
練習中,TwinkleTwinkleLittleStar,Traditional,洋楽,洋楽 童謡,,
練習中,WeWishYouaMerryChristmas,Traditional,洋楽,洋楽 童謡,,
練習中,whiz,TrySail,邦楽,アニメ アニソン 続・終物語ED,,
対応可,adrenaline!!!,TrySail,邦楽,アニメ アニソン,,
練習中,JUSTCOMMUNICATION,TWO-MIX,邦楽,新機動戦記ガンダムW OP 元気,,
練習中,RHYTHMEMOTION,TWO-MIX,邦楽,新機動戦記ガンダムW OP 元気,,
練習中,BeautifulDay,U2,洋楽,希望,,
練習中,IStillHaven’tFoundWhatI’mLookingFor,U2,洋楽,希望,,
練習中,One,U2,洋楽,恋愛,,
練習中,WithOrWithoutYou,U2,洋楽,恋愛 バラード,,
練習中,LoveSong,Uru,邦楽,恋愛,,
練習中,あなたがいることで,Uru,邦楽,恋愛 バラード,,
対応可,それを愛と呼ぶなら,Uru,邦楽,恋愛 バラード,,
練習中,プロローグ,Uru,邦楽,恋愛 バラード,,
練習中,COREPRIDE,UVERworld,邦楽,元気,,
練習中,D-tecnoLife,UVERworld,邦楽,元気,,
練習中,SHAMROCK,UVERworld,邦楽,恋愛 希望,,
練習中,君の好きなうた,UVERworld,邦楽,恋愛 バラード,,
練習中,怪獣の花唄,Vaundy,邦楽,恋愛 元気,,
練習中,踊り子,Vaundy,邦楽,恋愛 バラード,,
練習中,moment,Vivian or Kazuma,邦楽,機動戦士ガンダムSEED OP 元気,,
練習中,GreatestLoveOfAll,Whitney Houston,洋楽,恋愛,,
練習中,HowWillIKnow,Whitney Houston,洋楽,元気,,
練習中,IWannaDanceWithSomebody,Whitney Houston,洋楽,元気,,
練習中,IWillAlwaysLoveYou,Whitney Houston,洋楽,恋愛 バラード,,
練習中,アンノウン・マザーグース,wowaka feat. 初音ミク,邦楽,ボカロ ロック,,
対応可,Woman,Wの悲劇,邦楽,薬師丸ひろ子,,
対応可,アイドル,YOASOBI,邦楽,アニメ アニソン 元気,,
練習中,アンコール,YOASOBI,邦楽,恋愛 希望,,
練習中,ハルカ,YOASOBI,邦楽,恋愛 バラード,,
伴奏のみ,怪物,YOASOBI,邦楽,アニメ アニソン 元気,,
練習中,群青,YOASOBI,邦楽,希望 青春,,
練習中,祝福,YOASOBI,邦楽,アニメ アニソン 希望,,
対応可,夜に駆ける,YOASOBI,邦楽,恋愛 バラード,,
対応可,CHE.R.RY,YUI,邦楽,恋愛 春,,
練習中,feelmysoul,YUI,邦楽,恋愛 希望,,
練習中,Good-byedays,YUI,邦楽,恋愛 バラード,,
練習中,Rollingstar,YUI,邦楽,元気,,
練習中,SUMMERSONG,YUI,邦楽,夏 恋愛,,
練習中,TOKYO,YUI,邦楽,恋愛 都会,,
練習中,Don'tyousee!,ZARD,邦楽,恋愛 元気,,
練習中,この愛に泳ぎ疲れても,ZARD,邦楽,恋愛 別れ,,
練習中,マイフレンド,ZARD,邦楽,恋愛 元気,,
対応可,負けないで,ZARD,邦楽,前向き 希望,,
対応可,揺れる想い,ZARD,邦楽,恋愛 元気,,
練習中,僕らのLIVE君とのLIFE,μ's,邦楽,アニメ アニソン 明るい,,
対応可,Snowhalation,μ's,邦楽,アニメ アニソン 冬 恋愛,,
練習中,START:DASH!!,μ's,邦楽,アニメ アニソン 明るい,,
練習中,MusicS.T.A.R.T!!,μ's,邦楽,アニメ アニソン ポップ,,
練習中,SUNNYDAYSONG,μ's,邦楽,アニメ アニソン 明るい 夏,,
練習中,Happymaker!,μ's,邦楽,アニメ アニソン 明るい,,
練習中,ハルノヒ,あいみょん,邦楽,恋愛 春,,
対応可,マリーゴールド,あいみょん,邦楽,恋愛 夏,,
練習中,愛を伝えたいだとか,あいみょん,邦楽,恋愛,,
対応可,君はロックを聴かない,あいみょん,邦楽,恋愛,,
練習中,今夜このまま,あいみょん,邦楽,恋愛,,
練習中,裸の心,あいみょん,邦楽,恋愛 バラード,,
練習中,ジョニーの子守唄,アリス,邦楽,恋愛 バラード,,
対応可,チャンピオン,アリス,邦楽,元気,,
対応可,遠くで汽笛を聞きながら,アリス,邦楽,恋愛 バラード,,
練習中,帰らざる日々,アリス,邦楽,恋愛,,
練習中,狂った果実,アリス,邦楽,恋愛,,
練習中,冬の稲妻,アリス,邦楽,恋愛 冬,,
練習中,二人だけ,アリス,邦楽,恋愛,,
練習中,明日なき暴走,アリス,邦楽,元気,,
練習中,あゝ無情,アン・ルイス,邦楽,恋愛 元気,,
対応可,六本木心中,アン・ルイス,邦楽,恋愛 元気,,
対応可,SAKURA,いきものがかり,邦楽,春 恋愛,,
対応可,YELL,いきものがかり,邦楽,卒業 希望,,
対応可,ありがとう,いきものがかり,邦楽,感謝 恋愛,,
練習中,花は桜君は美し,いきものがかり,邦楽,恋愛 春,,
練習中,風が吹いている,いきものがかり,邦楽,元気 希望,,
対応可,ブルーバード,いきものがかり,邦楽,NARUTO -ナルト- 疾風伝 OP 元気,,
練習中,ホタルノヒカリ,いきものがかり,邦楽,NARUTO -ナルト- 疑風伝 OP 元気,,
練習中,Sign,いきものがかり,邦楽,NARUTO -ナルト- 疑風伝 OP バラード,,
練習中,風は吹いている,いきものがかり,邦楽,ポケットモンスター ED バラード,,
伴奏のみ,ポケモン言えるかな?,イマクニ?,邦楽,ポケットモンスター 挿入歌 元気,,
対応可,なごり雪,イルカ,邦楽,恋愛 冬,,
練習中,雨の物語,イルカ,邦楽,恋愛 バラード,,
練習中,海岸通,イルカ,邦楽,恋愛 夏,,
練習中,ええねん,ウルフルズ,邦楽,元気,,
対応可,ガッツだぜ!!,ウルフルズ,邦楽,元気,,
練習中,それが答えだ!,ウルフルズ,邦楽,元気,,
対応可,バンザイ～好きでよかった～,ウルフルズ,邦楽,恋愛 元気,,
練習中,暴れだす,ウルフルズ,邦楽,元気,,
練習中,涙の太陽,エミー・ジャクソン,邦楽,恋愛 元気,,
練習中,YES-YES-YES,オフコース,邦楽,バラード 恋愛,,
対応可,さよなら,オフコース,邦楽,別れ バラード,,
対応可,愛を止めないで,オフコース,邦楽,恋愛,,
対応可,言葉にできない,オフコース,邦楽,バラード 恋愛,,
練習中,22才の別れ,かぐや姫,邦楽,別れ バラード,,
対応可,神田川,かぐや姫,邦楽,恋愛 バラード,,
練習中,赤ちょうちん,かぐや姫,邦楽,恋愛 バラード,,
対応可,妹,かぐや姫,邦楽,恋愛,,
対応可,学生街の喫茶店,ガロ,邦楽,恋愛 青春,,
練習中,君の誕生日,ガロ,邦楽,恋愛,,
練習中,地球はメリーゴーランド,ガロ,邦楽,恋愛,,
練習中,美しすぎて,ガロ,邦楽,恋愛 バラード,,
練習中,命に嫌われている。,カンザキイオリ feat. 初音ミク,邦楽,ボカロ 社会テーマ,,
対応可,愛をとりもどせ!!,クリスタルキング,邦楽,北斗の拳 OP 元気,,
練習中,縁切寺,グレープ,邦楽,別れ バラード,,
対応可,精霊流し,グレープ,邦楽,恋愛 バラード,,
練習中,無縁坂,グレープ,邦楽,恋愛 バラード,,
練習中,友よ～この先もずっと…,ケツメイシ,邦楽,友情 希望,,
対応可,涙,ケツメイシ,邦楽,友情 希望,,
練習中,トモダチ,ケツメイシ,邦楽,友情 希望,,
練習中,Calling,コブクロ,邦楽,恋愛 希望,,
対応可,YELL〜エール〜,コブクロ,邦楽,恋愛 希望,,
対応可,ここにしか咲かない花,コブクロ,邦楽,恋愛 希望,,
練習中,永遠にともに,コブクロ,邦楽,恋愛 ウエディング,,
練習中,君という名の翼,コブクロ,邦楽,恋愛 希望,,
対応可,桜,コブクロ,邦楽,恋愛 春,,
練習中,風,コブクロ,邦楽,恋愛 希望,,
練習中,流れ星,コブクロ,邦楽,恋愛 バラード,,
練習中,流星,コブクロ,邦楽,恋愛 バラード,,
対応可,蕾,コブクロ,邦楽,恋愛 バラード,,
対応可,たたかえ！キャシャーン,ささきいさお,邦楽,新造人間キャシャーン OP 元気,,
対応可,ゲッターロボ,ささきいさお,邦楽,ゲッターロボ OP 元気,,
練習中,ガッチャマンファイター,ささきいさお,邦楽,科学忍者隊ガッチャマンファイター OP 元気,,
対応可,宇宙戦艦ヤマト,ささきいさお,邦楽,宇宙戦艦ヤマト,,
対応可,真っ赤なスカーフ,ささきいさお,邦楽,宇宙戦艦ヤマト,,
練習中,BOHBONo.5,サザンオールスターズ,邦楽,元気,,
対応可,LOVEAFFAIR〜秘密のデート〜,サザンオールスターズ,邦楽,恋愛 元気,,
対応可,TSUNAMI,サザンオールスターズ,邦楽,恋愛 バラード,,
対応可,いとしのエリー,サザンオールスターズ,邦楽,恋愛 バラード,,
練習中,エンドレス・サマー,サザンオールスターズ,邦楽,夏 恋愛,,
対応可,ホテルパシフィック,サザンオールスターズ,邦楽,夏 恋愛,,
対応可,希望の轍,サザンオールスターズ,邦楽,希望,,
練習中,君こそスターだ,サザンオールスターズ,邦楽,恋愛 希望,,
対応可,真夏の果実,サザンオールスターズ,邦楽,夏 恋愛,,
対応可,涙のキッス,サザンオールスターズ,邦楽,恋愛 バラード,,
練習中,青いベンチ,サスケ,邦楽,忍空 ED バラード,,
練習中,案山子,さだまさし,邦楽,家族 バラード,,
対応可,雨やどり,さだまさし,邦楽,恋愛,,
対応可,関白宣言,さだまさし,邦楽,恋愛 ユーモア,,
練習中,防人の詩,さだまさし,邦楽,平和,,
伴奏のみ,北の国から,さだまさし,邦楽,感動,,
対応可,青葉城恋唄,さとう宗幸,邦楽,恋愛 バラード,,
対応可,足跡,しおやん,邦楽,オリジナル　バラード,,https://shioyanfree.github.io/songlist/originals/足跡20250810.pdf
対応可,未読のまま,しおやん,邦楽,オリジナル　バラード,,https://shioyanfree.github.io/songlist/originals/未読のまま20250810.pdf
練習中,fromYtoY,ジミーサムP feat. 初音ミク,邦楽,ボカロ バラード,,
対応可,全力少年,スキマスイッチ,邦楽,元気 前向き,,
対応可,奏,スキマスイッチ,邦楽,バラード 恋愛,,
練習中,スパイダー,スピッツ,邦楽,元気,,
対応可,チェリー,スピッツ,邦楽,恋愛 春,,
対応可,ロビンソン,スピッツ,邦楽,恋愛,,
対応可,空も飛べるはず,スピッツ,邦楽,恋愛 希望,,
対応可,楓,スピッツ,邦楽,バラード 恋愛,,
対応可,涙がキラリ☆,スピッツ,邦楽,恋愛 夏,,
対応可,オー・シャンゼリゼ,ダニエル・ビダル（日本語版）,邦楽,邦楽 童謡,,
対応可,SongforU.S.A.,チェッカーズ,邦楽,恋愛 元気,,
対応可,ギザギザハートの子守唄,チェッカーズ,邦楽,恋愛 元気,,
対応可,ジュリアに傷心,チェッカーズ,邦楽,恋愛 元気,,
対応可,涙のリクエスト,チェッカーズ,邦楽,恋愛 元気,,
対応可,YAHYAHYAH,チャゲ&飛鳥,邦楽,元気,,
対応可,はじまりはいつも雨,チャゲ&飛鳥,邦楽,恋愛　バラード,,
練習中,MOONLIGHTBLUES,チャゲ&飛鳥,邦楽,恋愛,,
練習中,ひとり咲き,チャゲ&飛鳥,邦楽,恋愛,,
練習中,万里の河,チャゲ&飛鳥,邦楽,恋愛,,
対応可,サボテンの花,チューリップ,邦楽,バラード 恋愛,,
対応可,心の旅,チューリップ,邦楽,恋愛 旅,,
対応可,青春の影,チューリップ,邦楽,バラード 恋愛,,
練習中,虹とスニーカーの頃,チューリップ,邦楽,恋愛,,
練習中,パレード,つじあやの,邦楽,恋愛,,
対応可,風になる,つじあやの,邦楽,恋愛 元気,,
練習中,アンパンマンたいそう,ドリーミング,邦楽,それいけ！アンパンマン ED 元気,,
対応可,ガラガラヘビがやってくる,とんねるず,邦楽,学校の怪談 挿入歌 元気,,
対応可,情けねえ,とんねるず,邦楽,バラード,,
対応可,一番偉い人へ,とんねるず,邦楽,バラード,,
練習中,Overdose,なとり,邦楽,恋愛,,
練習中,ハロ／ハワユ,ナノウ feat. 初音ミク,邦楽,ボカロ 切ない,,
練習中,右肩の蝶,のりぴー feat. 鏡音リン,邦楽,ボカロ 恋愛,,
練習中,世界で一番頑張ってる君に,ハジ→,邦楽,希望 恋愛,,
練習中,砂の惑星,ハチ feat. 初音ミク,邦楽,ボカロ 夏,,
練習中,マトリョシカ,ハチ feat. 初音ミク・GUMI,邦楽,ボカロ ロック,,
練習中,シャルル,バルーン feat. flower,邦楽,ボカロ 切ない,,
練習中,SACHIKO,ばんばひろふみ,邦楽,恋愛,,
対応可,いちご白書をもう一度,バンバン,邦楽,恋愛 別れ,,
対応可,また君に恋してる,ビリー・バンバン,邦楽,恋愛 バラード,,
練習中,白いブランコ,ビリー・バンバン,邦楽,恋愛 バラード,,
練習中,琥珀色の日々,ビリー・バンバン,邦楽,恋愛 バラード,,
対応可,恋の季節,ピンキーとキラーズ,邦楽,恋愛 元気,,
対応可,UFO,ピンク・レディー,邦楽,元気,,
対応可,サウスポー,ピンク・レディー,邦楽,元気,,
対応可,ペッパー警部,ピンク・レディー,邦楽,元気,,
対応可,渚のシンドバッド,ピンク・レディー,邦楽,夏 恋愛,,
練習中,あとひとつ,ファンキーモンキーベイビーズ,邦楽,恋愛 希望,,
練習中,ヒーロー,ファンキーモンキーベイビーズ,邦楽,恋愛 元気,,
練習中,青春,ファンキーモンキーベイビーズ,邦楽,恋愛 希望,,
対応可,メリッサ（アコースティックVer.）,ポルノグラフィティ,邦楽,鋼の錬金術師 OP バラード,,
対応可,バラが咲いた,マイク真木,邦楽,恋愛,,
練習中,なんでもないよ、,マカロニえんぴつ,邦楽,恋愛 希望,,
練習中,ブルーベリー・ナイツ,マカロニえんぴつ,邦楽,恋愛,,
練習中,リンジュー・ラヴ,マカロニえんぴつ,邦楽,恋愛,,
練習中,星が泳ぐ,マカロニえんぴつ,邦楽,恋愛,,
練習中,生命体,マカロニえんぴつ,邦楽,恋愛,,
対応可,ウルトラマンのうた,みすず児童合唱団,邦楽,ウルトラマン OP 元気,,
対応可,ウルトラセブンの歌,みすず児童合唱団,邦楽,ウルトラセブン OP 元気,,
練習中,深海少女,ゆうゆ feat. 初音ミク,邦楽,ボカロ バラード,,
練習中,GLORIA,ゆず,邦楽,恋愛 希望,,
練習中,Hey和,ゆず,邦楽,希望 平和,,
対応可,サヨナラバス,ゆず,邦楽,恋愛 別れ,,
練習中,逢いたい,ゆず,邦楽,恋愛 バラード,,
対応可,雨のち晴レルヤ,ゆず,邦楽,希望 恋愛,,
対応可,栄光の架橋,ゆず,邦楽,感動 希望,,
対応可,夏色,ゆず,邦楽,夏 元気,,
練習中,桜会,ゆず,邦楽,恋愛 春,,
練習中,桜木町,ゆず,邦楽,恋愛 冬,,
対応可,虹,ゆず,邦楽,希望 恋愛,,
対応可,大迷惑,ユニコーン,邦楽,恋愛 元気,,
対応可,粉雪,レミオロメン,邦楽,邦楽 冬 バラード,,
練習中,もうそう♡えくすぷれす,阿澄佳奈（阿良々木月火）,邦楽,アニメ アニソン 偽物語OP1・可愛い,,
練習中,Ibelieve,絢香,邦楽,恋愛 バラード,,
練習中,おかえり,絢香,邦楽,恋愛 希望,,
練習中,にじいろ,絢香,邦楽,希望 恋愛,,
対応可,三日月,絢香,邦楽,恋愛 バラード,,
対応可,WINDINGROAD,絢香×コブクロ,邦楽,恋愛 希望,,
練習中,BabyDon'tCry,安室奈美恵,邦楽,恋愛,,
練習中,Finally,安室奈美恵,邦楽,恋愛 元気,,
練習中,Hero,安室奈美恵,邦楽,恋愛 希望,,
練習中,JustYouandI,安室奈美恵,邦楽,恋愛 バラード,,
練習中,LoveStory,安室奈美恵,邦楽,恋愛 バラード,,
練習中,Mint,安室奈美恵,邦楽,恋愛,,
練習中,Friend,安全地帯,邦楽,友情 恋愛,,
対応可,ワインレッドの心,安全地帯,邦楽,恋愛 バラード,,
対応可,悲しみにさよなら,安全地帯,邦楽,恋愛 希望,,
練習中,碧い瞳のエリス,安全地帯,邦楽,恋愛,,
対応可,恋の予感,安全地帯,邦楽,恋愛 バラード,,
対応可,CAT'SEYE,杏里,邦楽,元気 恋愛,,
対応可,オリビアを聴きながら,杏里,邦楽,バラード 恋愛,,
対応可,悲しみがとまらない,杏里,邦楽,恋愛 元気,,
対応可,happybite,八九寺真宵,邦楽,アニメ アニソン 偽物語ED,,
対応可,白金ディスコ,井口裕香（阿良々木月火）,邦楽,アニメ アニソン 偽物語OP2・明るい,,
練習中,chocolateinsomnia,井口裕香（阿良々木月火）,邦楽,アニメ アニソン 偽物語ED,,
練習中,CLOSER,井上ジョー,邦楽,NARUTO -ナルト- 疾風伝 OP 元気,,
対応可,哀戦士,井上大輔,邦楽,機動戦士ガンダムII 主題歌 バラード,,
練習中,めぐりあい,井上大輔,邦楽,機動戦士ガンダムIII 主題歌 バラード,,
練習中,傘がない,井上陽水,邦楽,恋愛 元気,,
対応可,少年時代,井上陽水,邦楽,夏 バラード,,
対応可,飾りじゃないのよ涙は,井上陽水,邦楽,恋愛 元気,,
練習中,心もよう,井上陽水,邦楽,恋愛 バラード,,
練習中,氷の世界,井上陽水,邦楽,恋愛,,
対応可,夢の中へ,井上陽水,邦楽,恋愛 元気,,
対応可,ハナミズキ,一青窈,邦楽,恋愛 バラード,,
対応可,もらい泣き,一青窈,邦楽,恋愛 バラード,,
練習中,AddictedToYou,宇多田ヒカル,邦楽,恋愛,,
練習中,BADモード,宇多田ヒカル,邦楽,恋愛,,
対応可,FirstLove,宇多田ヒカル,邦楽,恋愛 バラード,,
練習中,FlavorOfLife,宇多田ヒカル,邦楽,恋愛 バラード,,
練習中,Forevermore,宇多田ヒカル,邦楽,恋愛 バラード,,
練習中,PrisonerOfLove,宇多田ヒカル,邦楽,恋愛 バラード,,
対応可,Traveling,宇多田ヒカル,邦楽,元気 恋愛,,
練習中,あなた,宇多田ヒカル,邦楽,恋愛,,
練習中,花束を君に,宇多田ヒカル,邦楽,恋愛 バラード,,
練習中,光,宇多田ヒカル,邦楽,恋愛 バラード,,
練習中,桜流し,宇多田ヒカル,邦楽,恋愛 バラード,,
練習中,初恋,宇多田ヒカル,邦楽,恋愛 バラード,,
練習中,真夏の通り雨,宇多田ヒカル,邦楽,恋愛,,
練習中,TrustYouForever,鵜島仁文,邦楽,機動武闘伝Gガンダム OP 元気,,
練習中,FLYINGINTHESKY,影山ヒロノブ,邦楽,機動武闘伝Gガンダム OP 元気,,
対応可,CHA-LAHEAD-CHA-LA,影山ヒロノブ,邦楽,ドラゴンボールZ OP 元気,,
対応可,白い雲のように,猿岩石,邦楽,恋愛 希望,,
練習中,勇者王誕生！,遠藤正明,邦楽,勇者王ガオガイガー OP 元気,,
対応可,イージュー★ライダー,奥田民生,邦楽,元気　自由 旅,,
対応可,さすらい,奥田民生,邦楽,元気,,
対応可,愛のために,奥田民生,邦楽,恋愛 元気,,
対応可,にじ,横山だいすけ,邦楽,童謡,,
対応可,ダンシング・ヒーロー,荻野目洋子,邦楽,元気 恋愛,,
対応可,お嫁においで,加山雄三,邦楽,恋愛 元気,,
対応可,海その愛,加山雄三,邦楽,恋愛 夏,,
対応可,君といつまでも,加山雄三,邦楽,恋愛 元気,,
練習中,旅人よ,加山雄三,邦楽,旅 希望,,
練習中,sugarsweetnightmare,加藤英美里（八九寺真宵）,邦楽,アニメ アニソン 化物語OP4・可愛い,,
練習中,二言目,加藤英美里（八九寺真宵）,邦楽,アニメ アニソン キャラソン,,
練習中,dreamydatedrive,加藤英美里（八九寺真宵）,邦楽,アニメ アニソン 終物語OP,,
対応可,桜,河口恭吾,邦楽,恋愛 春,,
練習中,thelastdayofmyadolescence,河野マリナ,邦楽,アニメ アニソン セカンドシーズンED,,
練習中,あ〜よかった,花*花,邦楽,恋愛 元気,,
対応可,さよなら大好きな人,花*花,邦楽,恋愛 別れ,,
対応可,恋愛サーキュレーション,花澤香菜,邦楽,アニメ アニソン 恋愛,,
対応可,帰り道,八九寺真宵,邦楽,アニメ アニソン 化物語ED・切ない,,
練習中,VAMOLA!キョウリュウジャー,鎌田章吾,邦楽,獣電戦隊キョウリュウジャー OP 元気,,
対応可,100%勇気,丸山隆平,邦楽,忍たま乱太郎 OP 元気,,https://ja.chordwiki.org/wiki/勇気100%25
練習中,mathemagics,喜多村英梨（阿良々木火憐）,邦楽,アニメ アニソン 偽物語OP3・ロック,,
練習中,夢で逢えたら,吉田美奈子,邦楽,恋愛,,
対応可,異邦人,久保田早紀,邦楽,恋愛,,
練習中,仮面ライダーBLACKRX,宮内タカユキ,邦楽,仮面ライダーBLACK RX OP 元気,,
練習中,お嫁サンバ,郷ひろみ,邦楽,恋愛 夏,,
練習中,よろしく哀愁,郷ひろみ,邦楽,恋愛 元気,,
練習中,哀愁のカサブランカ,郷ひろみ,邦楽,恋愛 バラード,,
練習中,林檎殺人事件,郷ひろみ,邦楽,恋愛 元気,,
対応可,2億4千万の瞳,郷ひろみ,邦楽,元気,,
対応可,GOLDFINGER,郷ひろみ,邦楽,元気,,
練習中,Believe,玉置成実,邦楽,機動戦士ガンダムSEED OP 元気,,
練習中,可愛いミーナ,桑田佳祐,邦楽,恋愛 元気,,
対応可,波乗りジョニー,桑田佳祐,邦楽,夏 恋愛,,
対応可,白い恋人達,桑田佳祐,邦楽,恋愛 冬 クリスマス,,
練習中,明日晴れるかな,桑田佳祐,邦楽,恋愛 希望,,
練習中,誰より好きなのに,古内東子,邦楽,恋愛 バラード,,
対応可,staplestable,戸松遥（戦場ヶ原ひたぎ）,邦楽,アニメ アニソン 化物語OP1・バラード,,
対応可,恋人よ,五輪真弓,邦楽,恋愛 バラード,,
練習中,Butterfly,倖田來未,邦楽,恋愛 元気,,
練習中,MoonCrying,倖田來未,邦楽,恋愛 バラード,,
練習中,ShiningStar,倖田來未,邦楽,恋愛 希望,,
対応可,キューティーハニー,倖田來未,邦楽,恋愛 元気,,
対応可,愛のうた,倖田來未,邦楽,恋愛 バラード,,
対応可,ガラスの十代,光GENJI,邦楽,青春 恋愛,,
対応可,パラダイス銀河,光GENJI,邦楽,元気 青春,,
練習中,あの日にかえりたい,荒井由実,邦楽,恋愛 バラード,,
対応可,ひこうき雲,荒井由実,邦楽,青春 バラード,,
対応可,やさしさに包まれたなら,荒井由実,邦楽,恋愛,,
対応可,ルージュの伝言,荒井由実,邦楽,恋愛 元気,,
対応可,真夏の夜の夢,荒井由実,邦楽,恋愛 夏,,
対応可,卒業写真,荒井由実,邦楽,恋愛 卒業,,
練習中,中央フリーウェイ,荒井由実,邦楽,恋愛 ドライブ,,
練習中,翳りゆく部屋,荒井由実,邦楽,恋愛 バラード,,
対応可,魂のルフラン,高橋洋子,邦楽,アニメ アニソン 元気,,
対応可,残酷な天使のテーゼ,高橋洋子,邦楽,アニメ アニソン 元気,,
対応可,千本桜,黒うさP feat. 初音ミク,邦楽,ボカロ 和風 ロック,,
練習中,whitelies,斎藤千和（忍野忍）,邦楽,アニメ アニソン 挿入歌・切ない,,
練習中,orangemint,斎藤千和（忍野忍）,邦楽,アニメ アニソン 終物語OP,,
対応可,サボテンの花,財津和夫,邦楽,バラード 恋愛,,
練習中,さらば恋人,堺正章,邦楽,恋愛,,
練習中,美しい十代,三田明,邦楽,恋愛,,
練習中,perfectslumbers,三木眞一郎＆井口裕香,邦楽,アニメ アニソン 偽物語ED,,
対応可,クリスマス・イブ,山下達郎,邦楽,邦楽 クリスマス,,
練習中,ガオレンジャー吼えろ!!,山形ユキオ,邦楽,百獣戦隊ガオレンジャー OP 元気,,
対応可,いい日旅立ち,山口百恵,邦楽,旅 バラード,,
対応可,イミテイション・ゴールド,山口百恵,邦楽,恋愛 元気,,
対応可,さよならの向う側,山口百恵,邦楽,バラード 恋愛,,
対応可,プレイバックPart2,山口百恵,邦楽,恋愛 元気,,
練習中,横須賀ストーリー,山口百恵,邦楽,恋愛 元気,,
対応可,秋桜,山口百恵,邦楽,秋 バラード,,
練習中,絶体絶命,山口百恵,邦楽,恋愛 元気,,
練習中,曼珠沙華,山口百恵,邦楽,恋愛 バラード,,
対応可,Onemoretime,山崎まさよし,邦楽,バラード 恋愛,,
対応可,セロリ,山崎まさよし,邦楽,恋愛 元気,,
練習中,あら野のはてに,讃美歌,邦楽,日本 クリスマス,,
対応可,きよしこの夜,讃美歌,邦楽,日本 クリスマス,,
対応可,もろびとこぞりて,讃美歌,邦楽,日本 クリスマス,,
対応可,勇者ライディーン,子門真人,邦楽,勇者ライディーン OP 元気,,
対応可,科学忍者隊ガッチャマン,子門真人,邦楽,科学忍者隊ガッチャマン OP 元気,,
対応可,ガッチャマンの歌,子門真人,邦楽,科学忍者隊ガッチャマン OP 元気,,
対応可,青春アミーゴ,修二と彰,邦楽,友情 青春,,
対応可,デリヘル呼んだら君が来た,初音ミク,邦楽,ギャグ,,
練習中,白い雪のプリンセスは,初音ミク,邦楽,邦楽 冬,,
対応可,うみ,唱歌,邦楽,日本 童謡,,
対応可,お正月,唱歌,邦楽,日本 童謡,,
対応可,この道,唱歌,邦楽,日本 童謡,,
対応可,しゃぼん玉,唱歌,邦楽,日本 童謡,,
対応可,たき火,唱歌,邦楽,日本 童謡,,
対応可,どんぐりころころ,唱歌,邦楽,日本 童謡,,
対応可,ふるさと,唱歌,邦楽,日本 童謡,,
対応可,夏の思い出,唱歌,邦楽,日本 童謡,,
練習中,花嫁人形,唱歌,邦楽,日本 童謡,,
対応可,荒城の月,唱歌,邦楽,日本 童謡,,
対応可,七つの子,唱歌,邦楽,日本 童謡,,
対応可,春が来た,唱歌,邦楽,日本 童謡,,
対応可,春の小川,唱歌,邦楽,日本 童謡,,
対応可,赤い靴,唱歌,邦楽,日本 童謡,,
対応可,赤とんぼ,唱歌,邦楽,日本 童謡,,
対応可,雪,唱歌,邦楽,日本 童謡,,
練習中,浜辺の歌,唱歌,邦楽,日本 童謡,,
対応可,夕焼け小焼け,唱歌,邦楽,日本 童謡,,
練習中,椰子の実,唱歌,邦楽,日本 童謡,,
練習中,キラキラ,小田和正,邦楽,恋愛 希望,,
練習中,こころ,小田和正,邦楽,恋愛 希望,,
練習中,ダイジョウブ,小田和正,邦楽,恋愛 元気,,
対応可,たしかなこと,小田和正,邦楽,恋愛 バラード,,
対応可,ラブ・ストーリーは突然に,小田和正,邦楽,恋愛 バラード,,
対応可,シティーハンター愛よ消えないで,小比類巻かほる,邦楽,シティーハンター OP バラード,,
練習中,Departure!,小野正利,邦楽,HUNTER×HUNTER OP 元気,,
対応可,恋におちて-Fallinlove-,小林明子,邦楽,バラード 恋愛,,
練習中,Rock’nRouge,松田聖子,邦楽,恋愛,,
対応可,SWEETMEMORIES,松田聖子,邦楽,バラード 恋愛,,
練習中,時間の国のアリス,松田聖子,邦楽,恋愛,,
対応可,渚のバルコニー,松田聖子,邦楽,夏 恋愛,,
対応可,青い珊瑚礁,松田聖子,邦楽,夏 恋愛,,
対応可,赤いスイートピー,松田聖子,邦楽,恋愛 春,,
対応可,瞳はダイアモンド,松田聖子,邦楽,バラード 恋愛,,
対応可,瑠璃色の地球,松田聖子,邦楽,平和 バラード,,
対応可,恋人がサンタクロース,松任谷由実,邦楽,邦楽 クリスマス,,
伴奏のみ,めざせポケモンマスター,松本梨香,邦楽,ポケットモンスター OP 元気,,
練習中,OK!,松本梨香,邦楽,ポケットモンスター OP 元気,,
練習中,ライバル,松本梨香,邦楽,ポケットモンスター OP 元気,,
練習中,タイプ:ワイルド,松本梨香,邦楽,ポケットモンスター ED 元気,,
対応可,さくら（独唱）,森山直太朗,邦楽,春 卒業,,
対応可,夏の終わり,森山直太朗,邦楽,恋愛 バラード,,
練習中,愛し君へ,森山直太朗,邦楽,恋愛 バラード,,
対応可,生きとし生ける物へ,森山直太朗,邦楽,感謝 希望,,
対応可,襟裳岬,森進一,邦楽,演歌 恋愛,,
練習中,港町ブルース,森進一,邦楽,演歌,,
練習中,青春時代,森田公一とトップギャラン,邦楽,恋愛 元気,,
練習中,fastlove,神谷浩史,邦楽,アニメ アニソン キャラソン,,
練習中,decentblack,神谷浩史（阿良々木暦）,邦楽,アニメ アニソン 終物語OP,,
練習中,eye’s,神谷浩史（阿良々木暦）,邦楽,アニメ アニソン キャラソン,,
練習中,ETERNALBLAZE,水樹奈々,邦楽,魔法少女リリカルなのは OP 元気,,
練習中,SECRETAMBITION,水樹奈々,邦楽,魔法少女リリカルなのは StrikerS OP 元気,,
練習中,深愛,水樹奈々,邦楽,WHITE ALBUM OP バラード,,
練習中,Synchrogazer,水樹奈々,邦楽,戦姫絶唱シンフォギア OP 元気,,
練習中,Vitalization,水樹奈々,邦楽,戦姫絶唱シンフォギアG OP 元気,,
練習中,Exterminate,水樹奈々,邦楽,戦姫絶唱シンフォギアGX OP 元気,,
対応可,コン・バトラーVのテーマ,水木一郎,邦楽,超電磁ロボ コン・バトラーV OP 元気,,
対応可,マジンガーZ,水木一郎,邦楽,マジンガーZ OP 元気,,
練習中,おれはグレートマジンガー,水木一郎,邦楽,グレートマジンガー OP 元気,,
対応可,キャプテンハーロック,水木一郎,邦楽,宇宙海賊キャプテンハーロック OP 元気,,
練習中,ゲッターロボ號,水木一郎,邦楽,ゲッターロボ號 OP 元気,,
対応可,勇者ライディーン,水木一郎,邦楽,勇者ライディーン OP 元気,,
練習中,燃えろ!仮面ライダー,水木一郎,邦楽,仮面ライダー OP 元気,,
練習中,FamilySong,星野源,邦楽,家族 希望,,
練習中,FriendShip,星野源,邦楽,友情,,
練習中,SUN,星野源,邦楽,恋愛 元気,,
練習中,WeekEnd,星野源,邦楽,恋愛,,
練習中,恋,星野源,邦楽,恋愛 元気,,
練習中,ドラえもん,星野源,邦楽,ドラえもん 主題歌 元気,,
練習中,花束のかわりにメロディーを,清水翔太,邦楽,恋愛 バラード,,
練習中,BestFriend,西野カナ,邦楽,友情,,
対応可,Darling,西野カナ,邦楽,恋愛,,
対応可,トリセツ,西野カナ,邦楽,恋愛 元気,,
練習中,パッ,西野カナ,邦楽,恋愛,,
対応可,もしも運命の人がいるのなら,西野カナ,邦楽,恋愛 元気,,
練習中,会いたくて会いたくて,西野カナ,邦楽,恋愛 バラード,,
練習中,WHITELINE,青酢,邦楽,アニメ アニソン 挿入歌,,
対応可,卒業,斉藤由貴,邦楽,恋愛 バラード,,
対応可,悲しみよこんにちは,斉藤由貴,邦楽,恋愛 バラード,,
練習中,仮面ライダーBLACK,倉田てつを,邦楽,仮面ライダーBLACK OP 元気,,
対応可,夢見る少女じゃいられない,相川七瀬,邦楽,恋愛 元気,,
対応可,恋心,相川七瀬,邦楽,恋愛 元気,,
練習中,春雨,村下孝蔵,邦楽,恋愛 春,,
練習中,初恋,村下孝蔵,邦楽,恋愛 バラード,,
練習中,踊り子,村下孝蔵,邦楽,恋愛 バラード,,
練習中,陽だまり,村下孝蔵,邦楽,恋愛,,
練習中,さらばシベリア鉄道,太田裕美,邦楽,恋愛 冬,,
対応可,木綿のハンカチーフ,太田裕美,邦楽,恋愛 別れ,,
対応可,ら・ら・ら,大黒摩季,邦楽,赤ずきんチャチャ ED 元気,,
対応可,君は天然色,大滝詠一,邦楽,恋愛 夏,,
練習中,恋するカレン,大滝詠一,邦楽,恋愛 夏,,
対応可,幸せな結末,大滝詠一,邦楽,恋愛 夏,,
練習中,空飛ぶくじら,大滝詠一,邦楽,恋愛 夏,,
練習中,PEACH,大塚愛,邦楽,夏 恋愛,,
練習中,SMILY,大塚愛,邦楽,恋愛 元気,,
対応可,さくらんぼ,大塚愛,邦楽,恋愛 元気,,
対応可,プラネタリウム,大塚愛,邦楽,恋愛 バラード,,
練習中,花,滝廉太郎,邦楽,日本 童謡,,
練習中,ambivalentworld,沢城みゆき（神原駿河）,邦楽,アニメ アニソン 化物語OP3・ロック,,
対応可,会いたい,沢田知可子,邦楽,バラード 恋愛,,
練習中,すてきなホリデイ,竹内まりや,邦楽,邦楽 クリスマス,,
対応可,元気を出して,竹内まりや,邦楽,恋愛 元気,,
対応可,燃えてヒーロー,竹本孝之,邦楽,キャプテン翼 OP 元気,,
対応可,花,中孝介,邦楽,恋愛 バラード,,
対応可,DESIRE-情熱-,中森明菜,邦楽,恋愛 元気,,
対応可,セカンド・ラブ,中森明菜,邦楽,バラード 恋愛,,
練習中,ミ・アモーレ,中森明菜,邦楽,恋愛 元気,,
対応可,少女A,中森明菜,邦楽,恋愛 元気,,
対応可,飾りじゃないのよ涙は,中森明菜,邦楽,恋愛 元気,,
練習中,難破船,中森明菜,邦楽,バラード 恋愛,,
対応可,北ウイング,中森明菜,邦楽,恋愛 冬,,
対応可,翼の折れたエンジェル,中村あゆみ,邦楽,バラード 恋愛,,
練習中,ふれあい,中村雅俊,邦楽,恋愛,,
対応可,恋人も濡れる街角,中村雅俊,邦楽,恋愛,,
練習中,アザミ嬢のララバイ,中島みゆき,邦楽,バラード,,
対応可,わかれうた,中島みゆき,邦楽,別れ バラード,,
対応可,糸,中島みゆき,邦楽,恋愛 バラード,,
対応可,時代,中島みゆき,邦楽,人生 バラード,,
対応可,地上の星,中島みゆき,邦楽,人生 希望,,
練習中,ORION,中島美嘉,邦楽,恋愛 冬,,
練習中,初恋,中島美嘉,邦楽,恋愛 バラード,,
対応可,雪の華,中島美嘉,邦楽,邦楽 冬 バラード,,
対応可,ゆずれない願い,田村直美,邦楽,魔法騎士レイアース OP 元気,,
対応可,MyRevolution,渡辺美里,邦楽,恋愛 元気,,
練習中,AnotherOrion,藤井フミヤ,邦楽,バラード 恋愛,,
対応可,TRUELOVE,藤井フミヤ,邦楽,バラード 恋愛,,
練習中,きらり,藤井風,邦楽,恋愛 元気,,
練習中,まつり,藤井風,邦楽,恋愛,,
練習中,帰ろう,藤井風,邦楽,恋愛 バラード,,
練習中,青春病,藤井風,邦楽,恋愛,,
練習中,優しさ,藤井風,邦楽,恋愛,,
練習中,レッツゴー!!ライダーキック,藤浩一,邦楽,仮面ライダー OP 元気,,
練習中,KeepYourStyle,藤重政孝,邦楽,アニメ アニソン エンディング,,
対応可,クリスマスおめでとう,童謡,邦楽,日本 クリスマス,,
練習中,消えるdaydream,内田真礼（忍野扇）,邦楽,アニメ アニソン 終物語OP,,
練習中,夏の少女,南こうせつ,邦楽,夏 恋愛,,
練習中,夢一夜,南こうせつ,邦楽,恋愛 バラード,,
対応可,おめでとうクリスマス,日本語版,邦楽,邦楽 クリスマス,,
対応可,サンタが町にやってくる,日本語版,邦楽,邦楽 クリスマス,,
対応可,ジングルベル,日本語版,邦楽,邦楽 クリスマス,,
対応可,赤鼻のトナカイ,日本語版,邦楽,邦楽 クリスマス,,
練習中,動物戦隊ジュウオウジャー,幡野智宏,邦楽,動物戦隊ジュウオウジャー OP 元気,,
対応可,15の夜,尾崎豊,邦楽,青春 反抗,,
対応可,Forget-me-not,尾崎豊,邦楽,バラード 恋愛,,
対応可,ILOVEYOU,尾崎豊,邦楽,バラード 恋愛,,
対応可,シェリー,尾崎豊,邦楽,バラード 人生,,
対応可,卒業,尾崎豊,邦楽,卒業 青春,,
対応可,チキンライス,浜田雅功と槇原敬之,邦楽,邦楽 クリスマス,,
対応可,ウルトラマンタロウ,武村太郎,邦楽,ウルトラマンタロウ OP 元気,,
対応可,部屋とYシャツと私,平松愛理,邦楽,バラード 恋愛,,
練習中,嵐の中で輝いて,米倉千尋,邦楽,機動戦士ガンダム第08MS小隊 OP 元気,,
練習中,永遠の扉,米倉千尋,邦楽,機動戦士ガンダム第08MS小隊 ED バラード,,
対応可,Flamingo,米津玄師,邦楽,恋愛,,
対応可,Lemon,米津玄師,邦楽,恋愛 バラード,,
対応可,LOSER,米津玄師,邦楽,元気,,
対応可,アイネクライネ,米津玄師,邦楽,恋愛 バラード,,
対応可,ピースサイン,米津玄師,邦楽,アニメ アニソン 元気,,
練習中,感電,米津玄師,邦楽,恋愛,,
練習中,馬と鹿,米津玄師,邦楽,恋愛 バラード,,
練習中,shakehip!,米米CLUB,邦楽,元気,,
対応可,君がいるだけで,米米CLUB,邦楽,恋愛,,
対応可,浪漫飛行,米米CLUB,邦楽,希望 元気,,
練習中,石狩挽歌,北原ミレイ,邦楽,演歌 恋愛,,
練習中,darkcherrymystery,堀江由衣（羽川翼）,邦楽,アニメ アニソン 猫物語OP・ミステリアス,,
対応可,遠くで汽笛を聞きながら,堀内孝雄,邦楽,恋愛 バラード,,
対応可,君のひとみは10000ボルト,堀内孝雄,邦楽,恋愛,,
対応可,Butterfly,木村カエラ,邦楽,恋愛 ウエディング,,
練習中,MagicMusic,木村カエラ,邦楽,元気,,
練習中,TREECLIMBERS,木村カエラ,邦楽,元気,,
練習中,リルラリルハ,木村カエラ,邦楽,恋愛 元気,,
対応可,セーラー服と機関銃,薬師丸ひろ子,邦楽,青春,,
対応可,探偵物語,薬師丸ひろ子,邦楽,恋愛,,
練習中,CurtainCall,優里,邦楽,恋愛 バラード,,
練習中,シャッター,優里,邦楽,恋愛,,
対応可,ドライフラワー,優里,邦楽,恋愛 バラード,,
練習中,ビリミリオン,優里,邦楽,恋愛,,
練習中,ベテルギウス,優里,邦楽,恋愛 希望,,
練習中,笑顔に会いたい,濱田理恵,邦楽,ママレード・ボーイ OP 元気,,
対応可,どんなときも。,槇原敬之,邦楽,前向き 希望,,
対応可,もう恋なんてしない,槇原敬之,邦楽,恋愛 別れ,,
対応可,冬がはじまるよ,槇原敬之,邦楽,邦楽 冬,,
練習中,僕が一番欲しかったもの,槇原敬之,邦楽,恋愛 バラード,,
対応可,きみわずらい,まねきケチャ,邦楽,恋愛 バラード,,
対応可,366日,HY,邦楽,恋愛 バラード,,
対応可,AM1:00,HY,邦楽,恋愛 バラード,,
対応可,瀬戸の花嫁,小柳ルミ子,邦楽,バラード 結婚,,
練習中,たとえば今,手塚国光　不二周助,邦楽,アニソン　青春,,
対応可,キラキラ,小田和正,邦楽,バラード　青春,,
練習中,蒼い春,angela,邦楽,青春,,
練習中,ミッドナイトシャフル,近藤真彦,邦楽,懐メロ　,,
練習中,ヒャクニチソウ,長野県一刻館高校ボーリング部,邦楽,アニソン　青春　Turkey!,,
練習中,愛の屍,シンガーズハイ,邦楽,青春,,
対応可,Your Song,LOVE PSYCHEDELICO,邦楽,青春,,
対応可,明日への手紙,手嶌葵,邦楽,青春,,
対応可,点描の唄,Mrs. GREEN APPLE,邦楽,青春,,
対応可,田園,玉置浩二,邦楽,懐メロ　青春,,
対応可,メロディー,玉置浩二,邦楽,懐メロ　青春,,
練習中,MR.LONELY,玉置浩二,邦楽,懐メロ　青春,,
練習中,サーチライト,玉置浩二,邦楽,懐メロ　青春,,
練習中,出逢い,玉置浩二,邦楽,懐メロ　青春,,
対応可,ペガサス幻想,MAKE-UP,邦楽,アニメ「聖闘士星矢」,,
対応可,青い地球,ささきいさお,邦楽,アニメ『銀河鉄道999』,,
対応可,銀河鉄道999,ささきいさお,邦楽,アニメ『銀河鉄道1000』,,
対応可,明日への扉,I WiSH,邦楽,あいのり　青春　恋愛,,
練習中,まちがいさがし,菅田将暉,邦楽,ドラマ　恋愛,,
練習中,灰色と青,菅田将暉　米津玄師,邦楽,ドラマ　恋愛,,
練習中,虹,菅田将暉,邦楽,映画『STAND BY ME ドラえもん 2』主題歌,,
対応可,さよならエレジー,菅田将暉,邦楽,ドラマ　恋愛,,
対応可,ジョジョ ～その血の運命～,,邦楽,アニメ「ジョジョの奇妙な冒険」,,
対応可,ルパン三世のテーマ,ピートマック・ジュニア（藤原喜久男）　,邦楽,(ヴォーカル版)　(アニメ「ルパン三世」OP),,
対応可,檄！帝国華撃団　,真宮寺さくら,邦楽,"ゲーム『サクラ大戦』主題歌、アニメ『サクラ大戦TV』OP)
歌：真宮寺さくら(横山智佐) & 帝国歌劇団　作詞：広井王子　作曲：田中公平　編曲：根岸貴幸",,
対応可,そして僕は途方に暮れる,大澤誉志幸,邦楽,CMソング　懐メロ,,
対応可,カントリーロード,本名陽子,邦楽,(アニメ映画『耳をすませば』ED),,
対応可,さんぽ,井上あずみ,邦楽,ジブリ映画「となりのトトロ」OP,,
対応可,いつも何度でも,木村弓,邦楽,ジブリ映画『千と千尋の神隠し』ED,,
対応可,君をのせて,井上あずみ,邦楽,ジブリ映画『天空の城ラピュタ』主題歌,,
対応可,世界の約束,倍賞千恵子,邦楽,ジブリ映画『ハウルの動く城』主題歌,,
対応可,となりのトトロ,井上あずみ,邦楽,ジブリ映画「となりのトトロ」ED,,
対応可,海になれたら,坂本洋子,邦楽,ジブリアニメ「海がきこえる」主題歌,,
対応可,風のとおり道,杉並児童合唱団,邦楽,ジブリ映画「となりのトトロ」イメージソング,,
伴奏のみ,海の見える街,久石譲,邦楽,アニメ映画「魔女の宅急便」より,,
対応可,崖の上のポニョ,藤岡藤巻と大橋のぞみ,邦楽,ジブリ映画「崖の上のポニョ」主題歌,,
対応可,ラムのラブソング,松谷祐子,邦楽,アニメ うる星やつら,,
対応可,フレンズ,YAWMIN,邦楽, アニメ らんま1/2,,
対応可,許嫁っきゅん,ano,邦楽,アニメ らんま1/2,,
対応可,じゃじゃ馬にさせないで,西尾えつ子,邦楽,アニメ らんま1/2,,
対応可,地球オーケストラ,次郎,邦楽,アニメ らんま1/2,,
対応可,虹と太陽の丘,ぴよぴよ,邦楽,アニメ らんま1/2,,
対応可,猫飯店メニュー・ソング,シャンプー（佐久間レイ）,邦楽,アニメ らんま1/2,,
対応可,拝啓、あかねさん,響良牙（山寺宏一）,邦楽,アニメ らんま1/2,,https://shioyanfree.github.io/songlist/originals/拝啓、あかねさん.pdf
対応可,絶対!Part2,早坂好恵,邦楽,アニメ らんま1/2,,
対応可,スリゴ！,スリーセブン,邦楽,アニメ　アニソン　アニソンカラオケバー,,https://shioyanfree.github.io/songlist/originals/スリゴ！（歌メロ＆コード譜面）.pdf
